{
  "threshold": 0.5239687559671171,
  "hc_threshold": 0.5739687559671172,
  "breakeven_floor": 0.41666666666666663,
  "blend_alpha": 0.6
}